phrase;new
Bundestagswahlprogramm 2021BÜNDNIS 90 / DIE GRÜNENEpilog;
Bundestagswahlprogramm 2021BÜNDNIS 90 / DIE GRÜNENEinleitung;
Bereit, weil Ihr es seid.;
bündnis 90/die grünen in sachsenlandtagswahlprogramm 2019;
präambelbürgerschaftswahlprogramm 2019bündnis 90/die grünen landesverband bremen;
ökologischbürgerschaftswahlprogramm 2019bündnis 90/die grünen landesverband bremenmehrnützt allen;
gerechtbürgerschaftswahlprogramm 2019bündnis 90/die grünen landesverband bremenmehrnützt allen;
weltoffenbürgerschaftswahlprogramm 2019bündnis 90/die grünen landesverband bremenmehrnützt allen;
europas versprechen erneuern.europawahlprogramm 2019wirpräambel;
europawahlprogramm 2019europawahlprogramm 2019wirpräambel;
europas versprechen erneuern.europawahlprogramm 2019wirerhalten, was uns erhält;
europawahlprogramm 2019europawahlprogramm 2019wirerhalten, was uns erhält;
europawahlprogramm 2019wirstärken, was uns zusammenhält;
europawahlprogramm 2019;
bayerns lebensgrundlagen erhaltenprogramm für die bayerische landtagswahl am 14. oktober 2018;
bayern – land der chancen für alleprogramm für die bayerische landtagswahl am 14. oktober 2018;
bayern – bunt, frei, sicherprogramm für die bayerische landtagswahl am 14. oktober 2018;
bayern und die welt – zusammenhalt macht stark programm für die bayerische landtagswahl am 14. oktober 2018;
programm für die bayerische landtagswahl am 14. oktober 2018bayerns lebensgrundlagen erhalten;
programm für die bayerische landtagswahl am 14. oktober 2018bayern – land der chancen für alle;
programm für die bayerische landtagswahl am 14. oktober 2018bayern – bunt, frei, sicher;
programm für die bayerische landtagswahl am 14. oktober 2018bayern und die welt – zusammenhalt macht stark;
Bundestagswahlprogramm 2021(.*)Bundestagswahlprogramm 2021;
Bundestagswahlprogramm 2021BÜNDNIS 90 / DIE GRÜNENKapitel\s\d+;
wir grüne;wir
bürgerschaftswahlprogramm 2019(.*)bürgerschaftswahlprogramm 2019bündnis 90/die grünen landesverband bremen;
bündnis 90/die grünen;wir
europas versprechen erneuern.europawahlprogramm 2019wirpräambel;
europawahlprogramm 2019europawahlprogramm 2019wirpräambel;
europas versprechen erneuern.europawahlprogramm 2019wirerhalten, was uns erhält;
europawahlprogramm 2019europawahlprogramm 2019wirerhalten, was uns erhält;
europawahlprogramm 2019wirstärken, was uns zusammenhält;
europawahlprogramm 2019;
bayerns lebensgrundlagen erhaltenprogramm für die bayerische landtagswahl am 14. oktober 2018;
bayern – land der chancen für alleprogramm für die bayerische landtagswahl am 14. oktober 2018;
bayern – bunt, frei, sicherprogramm für die bayerische landtagswahl am 14. oktober 2018;
bayern und die welt – zusammenhalt macht stark programm für die bayerische landtagswahl am 14. oktober 2018;
programm für die bayerische landtagswahl am 14. oktober 2018bayerns lebensgrundlagen erhalten;
programm für die bayerische landtagswahl am 14. oktober 2018bayern – land der chancen für alle;
programm für die bayerische landtagswahl am 14. oktober 2018bayern – bunt, frei, sicher;
programm für die bayerische landtagswahl am 14. oktober 2018bayern und die welt – zusammenhalt macht stark;